"","Species","Q10","Mode","Q90","SD","NumPlots"
"1","ABIEABI",2.5,4.5,6.5,1.46318219699535,28
"2","ABIEAMA",4.5,5.5,6.5,0.92125437122931,2825
"3","ABIEGRA",3,4,6,1.18721565296406,516
"4","ABIELAS",4,4.5,6.5,1.08978167573967,11649
"5","ACERCIR",3,4.5,6,1.02099633959972,103
"6","ACERGLA",2.5,3.5,6,1.23000914716754,3427
"7","ACERMAC",3.5,5,6.5,1.24024027632946,340
"8","ACHIMIL",1.5,2.5,6,1.64880155146145,4526
"9","ACHLTRI",3.5,4.5,6,0.9330742694671,297
"10","ACHNNEL",1.5,2,3,0.718901599681746,160
"11","ACHNOCC",1.5,2.5,3.5,0.801389549819463,224
"12","ACHNRIC",2,3,4,0.679668361352221,298
"13","ACONCOL",5.5,6.5,7.5,0.779601727877707,49
"14","ACONDEL",4,4.5,7.5,1.26083198626227,268
"15","ACTARUB",4,5.5,7,1.09208139821637,2757
"16","ADENBIC",3,4.5,7,1.46198310843454,690
"17","ADIAALE",5,6.5,7.5,0.931822049555899,141
"18","AGOSAUR",2.5,4.5,5,1.07473086303157,43
"19","AGOSERI",1,3,5.5,1.66263084748815,24
"20","AGOSGLA",2,2,5,1.14549285945745,213
"21","AGROCRI",2,2,3.5,1.14698203945551,16
"22","AGROEXA",5.5,7.5,8,1.13776903149358,39
"23","AGROGIG",3.5,6,8,1.68813594102044,51
"24","AGROPYR",2,2,5,1.42361181422597,59
"25","AGROSCA",2.5,8,8,2.25552576656418,308
"26","AGROSTI",1.5,6.5,8,2.22977977392477,164
"27","AGROSTO",3,3,8,1.7383744871728,14
"28","AGROVAR",2.5,8,8,2.33003602431039,11
"29","AIRAPRA",1.5,2,3.5,0.852418780672526,14
"30","ALLICER",1,2,3.5,0.959887314936407,825
"31","ALNUINC",4.5,8,8,1.33292406174228,1621
"32","ALNURUB",4,6.5,7.5,1.16863007672462,861
"33","ALNUS",4,6.5,7.5,1.38439614625071,121
"34","ALNUVIR",4,6.5,7,1.23911213453828,4714
"35","ALYSALY",0.5,0.5,2,0.707227759986733,13
"36","AMBLSER",5,6,8,0.887702160541447,26
"37","AMELALN",1.5,3.5,5,1.26086144385057,6343
"38","ANAPMAR",3.5,4.5,6.5,1.1790610894139,621
"39","ANDRPOL",8,8,8,0.391480819240496,183
"40","ANDRRUP",1,3,3.5,0.9674654012677,22
"41","ANDRSEP",1.5,3.5,3.5,0.93441835883638,57
"42","ANEMMUL",2,3,5.5,1.36621683749655,523
"43","ANEMONE",3,6.5,6.5,1.4441864211808,34
"44","ANEMPAR",3.5,6,6.5,1.33567682577753,71
"45","ANEORIC",6.5,8,8,0.731997035890006,17
"46","ANGEARG",4.5,8,8,1.27275082164297,130
"47","ANGEGEN",5,6.5,8,1.13125719476588,256
"48","ANGELIC",4.5,8,8,1.22984989314654,31
"49","ANGELUC",6.5,6.5,8,0.753849590411967,22
"50","ANTEANA",2,2.5,3.5,1.1165445544778,26
"51","ANTEDIM",0.5,2,3,0.927289379333856,243
"52","ANTEMIC",0.5,2,4,1.3920879721611,740
"53","ANTENEG",2,3,4.5,1.00793255154165,782
"54","ANTENNA",2,2,3.5,1.09214699816019,342
"55","ANTEPAR",1.5,2,3.5,0.857637980546138,168
"56","ANTEPUL",1.5,5,6.5,1.87090537595204,153
"57","ANTERAC",2,3,4,0.798195464229503,796
"58","ANTEROS",2,3,3.5,0.649902812362231,27
"59","ANTEUMB",1.5,2,3,0.865219388223935,629
"60","ANTHMON",3.5,4.5,5,0.858152755878457,46
"61","ANTHODO",1.5,2.5,3.5,0.716587975271853,21
"62","ANTICUR",4.5,6.5,6.5,0.784074635453361,14
"63","ANTIELE",2.5,3,6,1.43397650032339,152
"64","ANTIOCC",3.5,4.5,7,1.32573840181284,186
"65","APOCAND",1.5,3,4.5,1.10259979776752,607
"66","AQUIFLA",3.5,3.5,6,1.03925858028909,48
"67","AQUIFOR",3.5,4,6.5,1.21258993933211,513
"68","AQUILEG",3,4.5,6,1.08063030101266,21
"69","ARABHOL",0.5,0.5,3,1.09717952042607,632
"70","ARABIS",1.5,4,4,1.41530933460621,74
"71","ARALNUD",3.5,4,6,1.07438338830226,3163
"72","ARBUMEN",2,2,3.5,0.679557911154318,190
"73","ARCTALI",2.5,4.5,8,1.87762228698496,12
"74","ARCTMIN",3.5,3.5,5.5,0.981938736704361,18
"75","ARCTRBR",4,8,8,1.67224123964541,146
"76","ARCTUVA",2,3,4,0.898242681963078,3419
"77","ARENSER",1,2.5,2.5,0.759700939015036,37
"78","ARISPUR",0.5,0.5,1.5,0.570501444012697,25
"79","ARNIANG",4,4,8,1.73913811329258,15
"80","ARNICA",4,6,6.5,1.09154981193879,157
"81","ARNICHA",5,6.5,8,1.27895520594523,31
"82","ARNICOR",3,4.5,6,1.14176243324645,5105
"83","ARNIFUL",0.5,2,3.5,0.999255018509797,96
"84","ARNILAT",4,5.5,6.5,1.02940703348765,1815
"85","ARNIMOL",4.5,7,7,1.16659203608453,40
"86","ARTECAM",0.5,2,3,0.800804475142589,167
"87","ARTEDRA",0.5,4.5,4.5,1.58998943024142,96
"88","ARTEFRI",0.5,2,3,0.923312509781048,654
"89","ARTEMIC",0.5,2,5,1.82514374807404,22
"90","ARTENOR",3,5,6.5,1.35769634434485,221
"91","ARTETRI",0.5,0.5,3,0.92060783237374,371
"92","ARTETRP",1,2,2,0.590486105757803,23
"93","ASARCAU",4.5,5,7,0.981634226753437,421
"94","ASTER",3,8,8,1.88573182519433,760
"95","ASTERAC",2.5,6,6.5,1.59144231507914,30
"96","ASTRAGA",1.5,2,4,1.09213276560987,105
"97","ASTRAGR",2,3,3.5,0.623247059388563,48
"98","ASTRALP",4.5,5.5,6,0.551599741870479,30
"99","ASTRAME",4.5,5,6,0.703464184943551,26
"100","ASTRMIS",1.5,2,3.5,0.803493439250282,888
"101","ASTRPUR",0.5,1,2,0.578265269896011,56
"102","ASTRTEN",0.5,0.5,3.5,1.10908122670887,59
"103","ATHYFIL",5.5,6.5,8,0.861521842185896,4443
"104","ATRISEL",4,5.5,6.5,1.11772159438331,90
"105","AULAAND",2.5,2.5,4.5,0.986280520448622,27
"106","AULACOM",4,8,8,1.36594152058111,68
"107","AULAPAL",5,8,8,1.2115747904196,1913
"108","BALSSAG",0.5,1.5,2.5,0.719584505606651,607
"109","BARBBAR",2.5,4.5,6.5,1.50451499987022,82
"110","BARBHAT",3,4.5,6,1.2829816107348,321
"111","BARBILO",4,5,6.5,1.08557804908098,683
"112","BARBLYC",4,5,6.5,1.00797510404888,2460
"113","BAZZANI",3.5,5.5,7.5,1.37510670409972,37
"114","BAZZDEN",4.5,6.5,6.5,0.808840419602957,58
"115","BAZZTRI",3.5,8,8,1.60318414117871,99
"116","BAZZTRL",5.5,8,8,1.26585871510757,53
"117","BERBAQU",2.5,3,4,0.852909193809251,2713
"118","BERBERI",2,3,4,0.745262368224421,45
"119","BERBNER",2.5,3.5,5,0.789879497687588,664
"120","BERBREP",2,3.5,5,1.11461892935374,41
"121","BETUGLA",4,5,7,1.25216857885191,43
"122","BETULA",3.5,3.5,8,1.62123169372136,15
"123","BETUNEO",3.5,8,8,1.74002944973642,40
"124","BETUOCC",3.5,3.5,6,1.39061508479142,83
"125","BETUPAP",3,4,6,1.20720346855842,3329
"126","BETUPUM",5,8,8,1.32432922230413,43
"127","BISTVIV",3.5,5,7,1.20265047237381,76
"128","BLECSPI",5,6.5,7.5,0.953216173369244,2224
"129","BLEPTRI",4.5,6.5,7.5,1.08856634815563,119
"130","BOTRLUN",4,6,7,1.08493611740299,12
"131","BOTRVIG",4,6,7,1.06655227025433,152
"132","BOYKOCC",5.5,6.5,8,0.925192253937842,30
"133","BRACALB",2,3.5,6.5,1.7135271593754,350
"134","BRACERY",5,5,6.5,0.789831635323508,14
"135","BRACFRI",4.5,5.5,7.5,1.18821964483585,142
"136","BRACHYL",4.5,5.5,8,1.22652981446228,952
"137","BRACHYT",3.5,6.5,7,1.39531244506673,5897
"138","BRACLEI",3,5.5,6.5,1.11180883178119,122
"139","BRACOED",4.5,5.5,7,1.02095482523444,167
"140","BRACRIV",5.5,7.5,8,0.866918478219229,106
"141","BRACSAL",3.5,5.5,6.5,1.34344526642989,398
"142","BRACSTA",4,5.5,6.5,0.844734225473876,25
"143","BRACVEL",4.5,6,6.5,1.06223732524097,23
"144","BROMCAR",2.5,3,6.5,1.40343641263793,168
"145","BROMCIL",3.5,8,8,1.61830179987265,257
"146","BROMHOR",2,2,3,0.515038512647879,23
"147","BROMINE",3,3.5,6,1.1029443451732,127
"148","BROMJAP",1.5,2,3,0.632451440153166,36
"149","BROMSIT",2,8,8,2.39610242982577,13
"150","BROMTEC",0.5,0.5,2.5,0.861414704617342,507
"151","BROMUS",2,3.5,6.5,1.60944371721247,362
"152","BROMVUL",3.5,4.5,6.5,1.26970147978693,942
"153","BRYUCAE",1.5,2,5,1.55730918437703,213
"154","BRYUM",2.5,8,8,1.85716277665289,251
"155","BRYUPSE",5,6.5,8,1.15755479488041,128
"156","BRYUWEI",6,7.5,8,0.938831322932613,78
"157","BUCKUND",5,5.5,6.5,0.828842400586841,2590
"158","BUXBPIP",4,5,6.5,0.923992798066222,13
"159","CALACAN",4,8,8,1.49545175772594,3830
"160","CALAMAG",4,4,8,1.48169439765327,247
"161","CALANUT",4.5,6.5,8,1.2019129352419,132
"162","CALAPUR",2,2.5,8,2.15229498267782,76
"163","CALARUB",2,3.5,4,0.755783817623667,4341
"164","CALASTR",4,8,8,1.43200012189585,177
"165","CALLCOR",6.5,8,8,0.731216676961571,43
"166","CALLGIG",6,8,8,0.829618153793483,85
"167","CALLIEG",5.5,8,8,0.991094334429232,89
"168","CALLPAL",8,8,8,0,15
"169","CALLSTR",7,8,8,0.673913381305959,140
"170","CALOAPI",2,3,4,0.684498034839089,113
"171","CALOMAC",0.5,2,3,0.873147745302269,250
"172","CALOPLA",0.5,1.5,2,0.668150521012805,30
"173","CALTLEP",6,8,8,0.880633939211591,427
"174","CALYBUL",3,3.5,6,1.23339101730864,377
"175","CALYINT",5.5,6.5,6.5,0.703365741151152,14
"176","CALYMUE",4.5,4.5,6.5,0.900166646182903,24
"177","CALYPOG",4.5,5.5,8,1.20588519300404,72
"178","CAMPATR",7.5,8,8,0.826768556055828,14
"179","CAMPROT",2,3.5,4.5,1.11283932299088,373
"180","CAMPSTE",7.5,8,8,0.930351185815225,128
"181","CANAMOD",5,8,8,1.22889016857468,458
"182","CARDOCC",6.5,8,8,0.92313094449214,23
"183","CARDOLI",4,8,8,1.52516428733228,24
"184","CAREANT",6.5,8,8,0.703051489540106,88
"185","CAREAQU",7,8,8,0.655180508440294,747
"186","CAREATH",5.5,8,8,1.02859462470877,16
"187","CAREAUR",4,8,8,1.83946443691609,16
"188","CAREBRU",6.5,8,8,0.988639022040294,50
"189","CAREBUX",8,8,8,0,12
"190","CARECAN",6.5,8,8,0.966446048396342,123
"191","CARECAP",6,8,8,1.12997223734856,42
"192","CARECHO",8,8,8,0.186473180905719,75
"193","CARECOC",2,3,4.5,1.08408031953366,946
"194","CARECOI",3,8,8,1.96602285230855,259
"195","CAREDEW",5,8,8,1.21552713889213,186
"196","CAREDIA",6,8,8,0.794585849811734,70
"197","CAREDIS",6,8,8,0.86040676710003,594
"198","CAREECH",8,8,8,0.191851673122788,19
"199","CAREEXS",5.5,8,8,0.977185386846581,34
"200","CAREFOE",5,8,8,1.08644236684266,12
"201","CAREGYN",6.5,8,8,0.814978659805517,54
"202","CAREILL",6,8,8,0.959802579853874,21
"203","CAREINT",7.5,8,8,0.264224076811739,87
"204","CARELAE",6.5,8,8,0.709561290858552,36
"205","CARELAS",8,8,8,0.804431792156129,108
"206","CARELEN",7.5,8,8,0.437074877712857,33
"207","CARELEP",6.5,6.5,8,0.608049878650349,17
"208","CARELET",5.5,8,8,0.975966337752479,82
"209","CARELIM",8,8,8,0.278751654640712,189
"210","CARELIV",8,8,8,0.302602083480498,67
"211","CARELOL",7,8,8,0.401985374926532,29
"212","CARELYN",6.5,8,8,0.522650388080055,29
"213","CAREMAG",7.5,8,8,0.466665645242128,119
"214","CAREMED",4,8,8,1.41187084964553,35
"215","CAREMER",4.5,6.5,8,1.11057574655207,92
"216","CARENIG",5.5,8,8,0.99420151380445,131
"217","CAREOBN",6.5,8,8,0.829309826299077,56
"218","CAREPAU",8,8,8,0.308037475045769,161
"219","CAREPEL",5.5,8,8,1.06475738073504,36
"220","CAREPET",1,4,4.5,1.3571902334934,50
"221","CAREPHA",2,5,7,1.62039819676632,21
"222","CAREPLU",8,8,8,0.430180387159258,51
"223","CAREPRE",4,5,8,1.39572894866861,91
"224","CAREPRT",3.5,6,8,1.57533000309927,16
"225","CARERIC",1.5,1.5,4.5,1.17040861406301,215
"226","CAREROS",2,8,8,2.50335390463566,551
"227","CARESAX",7.5,8,8,0.305329035212507,26
"228","CARESCP",6.5,8,8,0.825477491845844,27
"229","CARESIT",7,8,8,0.446990160769031,254
"230","CARESPE",5,6.5,8,1.20737224801773,146
"231","CARESTY",6,8,8,1.19439037156935,31
"232","CARETEN",6.5,8,8,1.03916853482438,77
"233","CARETRS",7,8,8,0.578278955902267,13
"234","CAREUTR",6.5,8,8,0.850060856618933,534
"235","CAREVAG",6,8,8,0.932590413534884,28
"236","CAREX",5,8,8,1.43401280782355,1964
"237","CASSMER",3.5,3.5,6.5,1.25400590166323,382
"238","CASSTET",3.5,3.5,5,0.947573476681384,13
"239","CASTHIS",1.5,2,3.5,0.865136947659202,15
"240","CASTILL",2,3.5,7,1.85580599018573,127
"241","CASTMIN",2.5,4,6.5,1.48720441109667,815
"242","CASTTHO",0.5,1,2,0.662015380477386,64
"243","CASTUNA",4,4,8,1.84348031086856,13
"244","CEANSAN",2,3,4,0.790094310057617,121
"245","CEANVEL",1.5,3,4.5,1.05596890643318,127
"246","CENTAUR",0.5,2,2,0.677912715275945,17
"247","CENTDIF",0.5,0.5,4,1.19030578601496,84
"248","CENTSTO",2,2.5,3.5,0.692608136500296,28
"249","CEPHALO",2,2,8,2.21943976101441,33
"250","CERAARV",1.5,3,4.5,1.36506518151345,190
"251","CERAPUR",2,3,5.5,1.3984143486381,557
"252","CETRARI",2,3,4.5,1.09728232553563,85
"253","CETRERI",0.5,3,4,1.14581338044072,279
"254","CETRISL",2,3,6,1.5157320540264,148
"255","CETRSUB",3.5,3.5,5.5,1.13460842575425,41
"256","CHAEDOU",0.5,0.5,1.5,0.485536058704581,24
"257","CHAMANG",3.5,5,6.5,1.11312741596057,7298
"258","CHAMCAL",6,8,8,0.936855024331498,22
"259","CHAMLAT",4.5,6.5,8,1.34654472718258,36
"260","CHENALB",2,2.5,5.5,1.43806218350643,20
"261","CHILPAL",6.5,6.5,8,0.603941504153331,30
"262","CHILPOL",5.5,8,8,0.908440625613531,10
"263","CHIMMEN",3.5,5,5.5,0.732484402424064,192
"264","CHIMUMB",3,3.5,5,0.803530651566915,4054
"265","CHRYTET",6,8,8,0.987478236286202,30
"266","CICUDOU",3.5,8,8,1.50370400901177,150
"267","CINNLAT",4.5,6,8,1.10280348524868,778
"268","CIRCALP",5.5,6.5,7.5,0.784029995114014,989
"269","CIRSARV",3.5,6,6.5,1.44824304634672,145
"270","CIRSEDU",2.5,4,8,1.88685500082199,15
"271","CIRSHOO",2,3,4,0.954358414776659,24
"272","CIRSIUM",2,3.5,7,1.81192962853595,134
"273","CIRSUND",0.5,2,3.5,1.29200293912644,46
"274","CIRSVUL",2.5,3.5,7,1.58046003352868,63
"275","CLADARB",0.5,3,8,2.11988143566337,486
"276","CLADBEL",3,3,8,1.7406225593107,224
"277","CLADBOE",1.5,2.5,4.5,1.30390624785921,315
"278","CLADCAI",0.5,2,3,0.989843828657986,237
"279","CLADCAN",2,3,5.5,1.25169680041018,113
"280","CLADCEN",2,3,4.5,1.18678363295605,148
"281","CLADCER",0.5,2.5,3,1.0160229977847,142
"282","CLADCHL",1.5,3.5,4.5,1.35173730271658,711
"283","CLADCOC",1.5,3,5,1.27066293284378,31
"284","CLADCON",2.5,4.5,6,1.39577164929069,113
"285","CLADCOR",2,2.5,5,1.33500314491894,606
"286","CLADCRI",2.5,3,5,0.98329962541545,50
"287","CLADDEF",2,3.5,5,1.29684302845292,250
"288","CLADECM",2,3,4.5,1.11480112853507,1011
"289","CLADFIM",1.5,3.5,4.5,1.23190806340882,239
"290","CLADFUR",2,3,8,2.01565714464554,49
"291","CLADGRA",1.5,3.5,5,1.43656843350597,992
"292","CLADINA",2,3,6.5,1.73825696310165,796
"293","CLADMAC",2.5,4,4,0.995052508753135,29
"294","CLADMIT",2,3,6,1.73539802965924,983
"295","CLADMUL",2.5,3,4.5,0.970142262104382,193
"296","CLADOCH",3.5,5,6.5,1.13735801389735,93
"297","CLADONI",2,3,4.5,1.27042370584386,3072
"298","CLADPHY",1,2,3.5,1.00835181107918,186
"299","CLADPLE",1.5,3,6,1.67652168909669,48
"300","CLADPOR",3,8,8,2.39799588033719,130
"301","CLADPYX",1,3,4.5,1.21723787621764,726
"302","CLADRAN",2.5,3,7.5,1.71273157032404,1297
"303","CLADSQU",2.5,5,5.5,1.26502951874498,109
"304","CLADSTE",3,4.5,7,1.48748487951815,134
"305","CLADSUL",2.5,2.5,5,1.25933335375928,310
"306","CLADSYM",0.5,2,3,0.889800324037694,252
"307","CLADUNC",1.5,3,8,2.35025771827247,122
"308","CLAOBOL",5,5.5,6,0.562523121225419,19
"309","CLARPUL",1,1,2.5,0.527875545028989,15
"310","CLAYCOR",4.5,6.5,7.5,0.953636918265792,42
"311","CLAYLAN",2.5,3,6.5,1.57840651777029,22
"312","CLAYPER",0.5,1.5,6.5,2.20013437305779,33
"313","CLAYSIB",5,6,8,1.16547773394325,131
"314","CLEMLIG",3,3.5,5.5,1.18399634252187,19
"315","CLEMOCC",2.5,3.5,6,1.12302635606076,351
"316","CLIMDEN",5,6.5,8,1.00526956120152,117
"317","CLINDOU",2.5,3.5,3.5,0.544425585083177,12
"318","CLINUNI",4,5,6.5,0.956696024586212,7185
"319","COELACU",0.5,0.5,3.5,1.68938087461079,59
"320","COELVIR",3.5,8,8,1.87203445686622,93
"321","COLLEMA",0.5,2,3,0.832111203189006,72
"322","COLLLIN",1,1.5,3,0.791441177480826,112
"323","COLLPAR",0.5,2,3,0.921400728756711,476
"324","COMAPAU",7.5,8,8,0.47632598106055,562
"325","COMAUMB",0.5,2,8,2.66714564939535,159
"326","CONIGME",3.5,6.5,8,1.70362836884649,24
"327","COPTASP",5,6.5,8,1.11447655933769,927
"328","COPTLAP",6.5,8,8,0.790082488376488,23
"329","COPTTRI",5.5,8,8,0.920049175072328,140
"330","CORALLO",3.5,4,5,0.888231295629042,58
"331","CORAMAC",3,5,5.5,1.04353682817142,371
"332","CORAMER",3.5,5,6.5,1.19017900566393,27
"333","CORASTR",3.5,5,6,0.986358783968171,87
"334","CORATRI",3.5,4,7,1.2821939220001,172
"335","CORNCAN",4,4.5,6.5,1.15158119450848,12406
"336","CORNNUT",3,5.5,8,1.58736897651525,37
"337","CORNSTO",3.5,6.5,7.5,1.3172806272707,3201
"338","CORYCOR",3,3.5,6,1.1025193015363,608
"339","COSCCAL",0.5,0.5,1.5,0.4987199277203,51
"340","CRATDOU",3.5,3.5,8,2.03613893389259,55
"341","CREPATR",0.5,2,3,0.774753943580695,451
"342","CREPIS",0.5,2,5,1.60586517758035,27
"343","CREPTEC",2,2,5.5,1.19899059817899,47
"344","CRYPACR",1.5,2.5,4,1.00407146649168,220
"345","CYNOECH",2,2.5,3,0.514839036910256,15
"346","CYNOOFF",2,3.5,4,0.785742825556435,34
"347","CYSTFRA",1.5,2,6.5,2.07207822881681,194
"348","CYTISCO",2,2,3.5,0.866562463040273,53
"349","DACTGLO",2,3,6,1.48312974218922,100
"350","DANTSPI",1.5,1.5,8,2.17473732403491,41
"351","DASIFRU",3,8,8,2.00257368947836,200
"352","DELPGLA",4,6,7,1.16487777535673,473
"353","DELPNUT",0.5,2,3.5,1.12503377501945,147
"354","DESCCES",5,8,8,1.284057583813,173
"355","DESCINC",0.5,0.5,3.5,1.11716377836688,38
"356","DESCPIN",0.5,0.5,2.5,1.20329989583124,37
"357","DESCURA",0.5,0.5,2.5,0.969469464169332,15
"358","DICRACU",3,4,6,1.23373883828397,38
"359","DICRANU",3,4.5,6,1.15414677281563,3878
"360","DICRCRS",2,5,5,1.21255381915479,49
"361","DICRFUS",3,5,6,1.18315165160803,3115
"362","DICRMAJ",5,5.5,8,1.13562021808892,64
"363","DICRPAI",3.5,3.5,5.5,1.00637986653988,189
"364","DICRPAL",3.5,4.5,6.5,0.971350312754398,200
"365","DICRPOL",3,3.5,5.5,0.978283475143254,1997
"366","DICRSCO",2.5,5,6,1.39163802518438,2350
"367","DICRSUB",3.5,5,6,1.21301846974642,16
"368","DICRTAU",2,3.5,5,1.26858829238424,92
"369","DICRUND",4.5,4.5,8,1.63570466915359,41
"370","DIPHALP",3.5,5,6,1.02922567030522,53
"371","DIPHCOM",3,3.5,5,0.837992113582334,1034
"372","DIPHSIT",3,3,8,1.56716986155839,19
"373","DIPLALB",5,6,6.5,0.739159853110465,102
"374","DIPLMUS",0.5,0.5,2.5,0.919310219068831,145
"375","DIPLOSC",0.5,0.5,2.5,0.860548323687169,62
"376","DIPLSCR",0.5,2,2.5,0.705692268133224,23
"377","DISTSPI",3.5,3.5,7.5,1.61063533511495,25
"378","DREPADU",6,8,8,1.02182076552432,168
"379","DREPANO",6,8,8,1.05910294044149,179
"380","DROSANG",8,8,8,0.0627998692920785,79
"381","DROSROT",8,8,8,0.368172506318252,222
"382","DRYADRU",3,5,6.5,1.16665227055827,16
"383","DRYMGLA",1.5,3.5,5,1.69434249860921,86
"384","DRYOEXP",5,6.5,7,0.823815040947097,4081
"385","DRYOFIL",5.5,6.5,6.5,0.784443694893216,43
"386","DRYPPAT",2.5,2.5,3.5,0.883868784143088,17
"387","ELAECOM",2,6.5,6.5,1.68277722633867,27
"388","ELEOPAL",5.5,8,8,1.61119198949155,67
"389","ELEOQUI",7.5,8,8,0.434419693415614,22
"390","ELLIPYR",4,8,8,1.43716511887246,376
"391","ELYMELY",2.5,5.5,5.5,1.48505032163967,41
"392","ELYMGLA",3,3.5,6.5,1.38500678002674,1865
"393","ELYMHIR",5,5,7.5,1.24405667751719,27
"394","ELYMREP",2.5,3.5,5.5,1.11241412236838,125
"395","ELYMTRA",2,2.5,5,1.15775885628906,448
"396","ELYMUS",2.5,4.5,6.5,1.36325382723175,205
"397","EMPENIG",3,4.5,8,1.69345623419144,1255
"398","EPILANA",4.5,7.5,7.5,1.3279113222201,129
"399","EPILBRA",1,2,2.5,0.953426967372849,51
"400","EPILCIL",5.5,8,8,1.43063534517881,445
"401","EPILGLA",5.5,6,8,0.939452125522505,36
"402","EPILHOR",5.5,6.5,8,0.852610528628093,29
"403","EPILMIN",1.5,6,8,2.14499748062757,21
"404","EPILOBI",3.5,7.5,8,1.78920069739017,396
"405","EPILPAL",4,8,8,1.75263598945864,48
"406","EQUIARV",5.5,8,8,1.00315474263776,3985
"407","EQUIFLU",6.5,8,8,0.678583016115249,286
"408","EQUIHYE",3.5,8,8,1.83475941654221,181
"409","EQUIPAL",5.5,8,8,0.96206253308805,56
"410","EQUIPRA",5,7,8,1.05021825576857,748
"411","EQUISCI",4.5,6,8,1.1477785765357,928
"412","EQUISET",5,7,8,1.13544901662292,119
"413","EQUISYL",5.5,8,8,0.994877581403721,1509
"414","EQUIVAR",5.5,8,8,1.16641153070987,76
"415","EREMCAP",1.5,3,3.5,0.836714708724933,162
"416","ERICNAU",0.5,0.5,2,0.779350425696023,404
"417","ERIGCOM",0.5,2,3,0.855642138250197,211
"418","ERIGCOR",0.5,2,2.5,0.700870998836412,122
"419","ERIGDIV",1.5,1.5,3,0.845124943895047,17
"420","ERIGERO",1.5,2,8,2.3305831661588,163
"421","ERIGFIL",0.5,0.5,2,0.696731123668153,98
"422","ERIGFLA",1.5,2,3,0.724702736343512,97
"423","ERIGHUM",5,8,8,1.27901073049434,12
"424","ERIGLIN",0.5,2,2,0.811759914224588,94
"425","ERIGPER",4.5,8,8,1.43402799888847,654
"426","ERIGPUM",0.5,2,4,1.46102778035992,112
"427","ERIGSPE",1.5,2,5.5,1.56654731991006,243
"428","ERIOANG",7.5,8,8,0.333988705089021,428
"429","ERIOCHA",8,8,8,0.256414895239948,63
"430","ERIOGRA",5.5,8,8,1.1825947293223,19
"431","ERIOHER",0.5,1.5,3,0.760664749509782,335
"432","ERIONIV",0.5,0.5,1.5,0.577579421684879,39
"433","ERIOPHO",6,8,8,0.85074658751139,20
"434","ERIOUMB",1.5,2,4,1.02070216370383,119
"435","ERIOVIR",8,8,8,0,30
"436","ERYTGRA",3,6,6.5,1.35507740826729,235
"437","ERYTGUT",3.5,8,8,1.73044856386967,26
"438","ERYTLEW",5,8,8,1.07640671027404,22
"439","EUCEENG",4,4.5,5.5,0.818568608657958,76
"440","EURHORE",3,3.5,6.5,1.35108338438138,1476
"441","EURHPRA",5,6.5,8,1.12455153106477,225
"442","EURHPUL",2.5,4,6.5,1.59326767116351,388
"443","EURYCON",2.5,4,5,1.02692332564133,3693
"444","EURYSIB",3,4.5,8,1.56340992681551,51
"445","FESTALT",3,4,6,1.2114535342419,283
"446","FESTBRA",2,2.5,4.5,0.990039675361511,29
"447","FESTCAM",1,2,3,0.84530740597916,450
"448","FESTIDA",1.5,2,3.5,1.03103394152404,335
"449","FESTOCC",2,2.5,5.5,1.35819689716946,1265
"450","FESTRUB",2.5,3.5,8,1.85691304793298,67
"451","FESTSAX",1.5,3,4.5,1.16139015906899,367
"452","FESTSUB",5.5,6,8,0.791031645993617,27
"453","FESTSUU",3.5,6.5,6.5,1.16548229235136,33
"454","FESTUCA",2,3.5,6,1.47852326595865,296
"455","FLAVNIV",0.5,3.5,3.5,1.122800586224,69
"456","FRAGARI",2.5,2.5,8,1.59008083981167,12
"457","FRAGVES",2.5,3.5,5.5,1.36070057114643,871
"458","FRAGVIR",2.5,4,6.5,1.37040602924441,5048
"459","FRANPUR",3.5,8,8,1.60145979279635,103
"460","FRITAFF",1.5,2.5,6,1.99867450919786,57
"461","FRITCAM",5,6.5,8,0.942416214806887,24
"462","FRITPUD",0.5,2,2.5,0.715392276889053,55
"463","GAILARI",0.5,1.5,3.5,0.879079579187685,178
"464","GALEROT",5.5,8,8,1.10394436164561,10
"465","GALIAPA",1.5,6,6.5,1.93099869311251,51
"466","GALIBOR",2.5,4,6,1.4558973929644,2912
"467","GALIKAM",5,6.5,8,1.03188502761258,19
"468","GALITRD",4,8,8,1.39631177090954,905
"469","GALITRF",4,6.5,7.5,1.22522221521616,4104
"470","GALIUM",2,2,8,2.03748864330558,96
"471","GAULHIS",4,8,8,1.6781417372837,492
"472","GAULHUM",3.5,5,7.5,1.26327025956577,33
"473","GAULOVA",3.5,4.5,6,1.12615525937086,444
"474","GAULSHA",3,3.5,6.5,1.52828765293557,1692
"475","GAYODIF",2,2.5,4,0.798761846337382,12
"476","GENTAMA",2.5,4,6,1.38189182243714,275
"477","GENTDOU",7.5,8,8,0.660130085724288,66
"478","GENTSCE",6.5,8,8,0.706551541014574,18
"479","GEOCLIV",3.5,4.5,6,1.0650135737136,1660
"480","GERAERI",4,5.5,6.5,1.02463809167504,31
"481","GERARIC",3.5,6,6.5,1.16144146975352,83
"482","GERAVIS",2,3.5,4,1.1183832385723,89
"483","GEUMCAL",7.5,8,8,0.686882809701856,11
"484","GEUMMAC",5,8,8,1.20918438787908,789
"485","GEUMRIV",5,7,8,1.05507919899032,63
"486","GEUMTRI",1.5,3.5,3.5,1.28787742396986,384
"487","GLYCELA",6,8,8,1.07599429282378,91
"488","GLYCERI",6,8,8,0.890955715762106,40
"489","GLYCGRA",6,8,8,1.4695546935862,15
"490","GLYCSTR",5.5,8,8,1.23140238732872,101
"491","GOODOBL",3,4.5,6,1.10617597095496,5606
"492","GOODREP",3.5,4.5,6.5,1.18871803180797,668
"493","GRIMMIA",0.5,0.5,3.5,1.66102613337017,123
"494","GYMNDIS",5,8,8,1.08967798738539,26
"495","GYMNDRY",5,6.5,7,0.860887641066328,6695
"496","GYMNINF",4.5,8,8,1.66249108330028,13
"497","HACKMIC",4.5,6.5,6.5,1.10413604932109,24
"498","HALECYM",3.5,8,8,1.79680101151949,21
"499","HAMAVER",8,8,8,0.222026549706891,48
"500","HARPFLO",6,7,8,0.716668425466646,17
"501","HARRSTE",5,5.5,7.5,1.01717553419207,22
"502","HEDYALP",3,3,6,1.33498494397756,70
"503","HEDYBOR",2,3.5,6.5,1.5141425378896,25
"504","HEDYSUL",2,2,4.5,1.1574929598861,139
"505","HELOBLA",7,8,8,0.483708295082241,27
"506","HERACLE",6,6.5,7.5,0.67976690936691,80
"507","HERAMAX",4.5,6.5,7,1.0022819579751,1691
"508","HERBADU",4.5,8,8,1.49925681036679,35
"509","HESPCOM",0.5,0.5,3,0.889173325257667,259
"510","HESPCUR",2,3,3,0.486571600521412,53
"511","HETEPRO",4.5,5,6,0.716765271412376,52
"512","HETEVIL",0.5,2,2.5,0.995718974078773,91
"513","HEUCCYL",0.5,2,3.5,1.14794689306615,713
"514","HIERALI",2.5,4.5,5,1.13754593012899,2026
"515","HIERSCO",1.5,3.5,4.5,1.07618618202486,185
"516","HIERUMB",3,4,6,1.1510958768218,340
"517","HIPPVUL",8,8,8,0.240602478955502,20
"518","HOLODIC",2,3.5,4,0.919208374676684,607
"519","HOLODIU",2.5,3.5,4,0.608029160341228,31
"520","HOMAAEN",0.5,0.5,3,1.23535838433899,63
"521","HOMALOH",0.5,1,8,2.21257581302631,108
"522","HOOKLUC",5,6.5,6.5,0.727332997559067,343
"523","HORDBRA",6.5,8,8,0.772490210409909,32
"524","HORDJUB",3.5,3.5,7.5,1.62623124737139,74
"525","HUPECON",5.5,6.5,8,0.925644584222399,179
"526","HUPEOCC",5,5,5,0.607210430654468,15
"527","HUPESEL",4.5,6,6.5,0.805210715378209,25
"528","HYDRCAP",0.5,3,3.5,0.984858267862527,38
"529","HYLOCOM",3.5,4.5,7.5,1.34595485352433,13
"530","HYLOPYE",4.5,5.5,7.5,1.00940462717297,29
"531","HYLOSPL",3.5,4.5,6.5,1.24633170169845,9394
"532","HYPEANA",8,8,8,0,12
"533","HYPEPER",1.5,2,5.5,1.32842915600612,48
"534","HYPNCAL",5,6.5,7.5,0.768473258689528,21
"535","HYPNCIR",3.5,5,6.5,1.20207121649727,169
"536","HYPNDIE",5,8,8,1.2908728040806,36
"537","HYPNLIN",6,8,8,1.04423556261829,13
"538","HYPNPRA",7,8,8,0.43722864520829,13
"539","HYPNREV",2,3.5,8,2.00663936347002,75
"540","HYPNUM",0.5,3.5,6,1.86910065426133,22
"541","HYPOMON",3,5,5.5,0.921056373370766,101
"542","HYPORAD",2.5,3.5,5,1.03586640012527,69
"543","ICMAERI",5,8,8,1.50193880292557,26
"544","ILEX",4,4,5,0.677476903856651,33
"545","ILEXAQU",3,5,6.5,1.24215138061935,32
"546","IMPANOL",5,8,8,1.09555225359892,16
"547","IPOMAGG",0.5,1.5,2,0.475958545802901,21
"548","ISOTMYO",3.5,6.5,7.5,1.4963978736827,112
"549","JUNCBAL",4,8,8,1.49343643522489,176
"550","JUNCDRU",3,6.5,8,1.53915819683283,67
"551","JUNCEFF",5,6.5,8,1.12288163622153,20
"552","JUNCENS",6.5,8,8,0.586927382614073,24
"553","JUNCMER",6.5,8,8,0.801073438350271,29
"554","JUNCPAR",3,3.5,5,1.39682368300837,14
"555","JUNCUS",2,8,8,2.35638643563554,44
"556","JUNICOM",1.5,3,4.5,1.43659811307322,2782
"557","JUNISCO",0.5,2,3.5,1.01196050923353,743
"558","KALMMIC",6.5,8,8,1.10419053880156,413
"559","KALMPRO",3.5,8,8,1.93867068031653,27
"560","KOELMAC",1,2,3,0.964455560484076,1165
"561","KOPSHOO",3,3.5,4.5,0.592726557246639,15
"562","LAPPOCC",0.5,2,3,0.915217905867648,61
"563","LAPPSQU",1,2,2,0.392790836287979,10
"564","LARILAR",6,8,8,0.888375850538763,120
"565","LARILYA",3.5,3.5,4.5,0.613696240183557,13
"566","LARIOCC",2.5,3,5,0.938080295016714,1314
"567","LATHNEV",3,4,5,1.00661127097442,710
"568","LATHOCH",3,4,5.5,0.988745425355545,1677
"569","LATHYRU",3.5,4,5,0.648868986873994,39
"570","LEMNMIN",8,8,8,0.475842226606905,10
"571","LEPIDEN",1.5,2,3.5,1.58376468400238,56
"572","LEPIFIL",4.5,5.5,6.5,0.841082007641182,86
"573","LEPIREP",5,6,8,1.03928088075246,115
"574","LEPTPYR",6.5,8,8,0.769328455872376,329
"575","LESCURA",3.5,5.5,6,1.03604934019941,18
"576","LETHVUL",2.5,3,3,0.625205015389732,10
"577","LEUCACA",5,6.5,8,1.03659738544453,282
"578","LEUCVUL",2.5,2.5,6.5,1.38042967164392,67
"579","LEWIRED",0.5,0.5,2,0.780057560729636,33
"580","LEYMCIN",3.5,3.5,5.5,1.11950284286249,18
"581","LEYMINN",3,3.5,6,1.08285976631786,668
"582","LIGUCAN",5.5,6.5,7.5,0.935462521872059,331
"583","LILIACE",3.5,6.5,6.5,1.10672717966114,47
"584","LILICOL",3,4,6,1.19139235726621,803
"585","LILIPHI",2.5,3,4.5,0.849682030737894,46
"586","LILIUM",3.5,4,5.5,0.655205165119619,25
"587","LINAGEN",0.5,2,2,0.745982593948179,50
"588","LINNBOR",3,3.5,6,1.1418338610086,10382
"589","LINUPER",0.5,2,3.5,0.951965742131641,106
"590","LIOCLAN",5.5,5.5,5.5,0.52993940066683,10
"591","LITHINC",0.5,0.5,2.5,0.884192588108003,17
"592","LITHPAR",1,2,3,0.72623078435596,55
"593","LITHRUD",0.5,2,3,0.862300924762794,645
"594","LOBALIN",4.5,5,6.5,0.92330402295084,23
"595","LOBAORE",4.5,6.5,6.5,0.814137448257461,16
"596","LOBAPUL",3.5,4.5,7.5,1.34322305849578,76
"597","LOGFARV",1,2,2.5,0.660894124480678,73
"598","LOMAAMB",0.5,1.5,4,1.18217805498329,55
"599","LOMADIS",0.5,0.5,4.5,1.41792992312622,199
"600","LOMAMAC",0.5,0.5,2.5,0.905851879098745,406
"601","LOMATIU",0.5,2,8,2.26806882034626,44
"602","LOMATRI",1,2,3,0.821324340057389,167
"603","LONICIL",2,3.5,3.5,0.807917396811228,304
"604","LONIDIO",3.5,4,6.5,1.34002811960501,81
"605","LONIHIS",2,2,4,0.915232815703373,98
"606","LONIINV",4,6.5,7.5,1.1798410308645,5802
"607","LONIUTA",3.5,4.5,6,1.05602982847274,3663
"608","LOPHHET",5,6.5,7,0.898376407447883,49
"609","LOPHOBT",5.5,5.5,7.5,0.84150326029016,47
"610","LOPHVEN",3.5,5.5,6.5,1.34903484426647,248
"611","LUETPEC",4,5,7.5,1.29976112708943,307
"612","LUPIARC",3,3.5,6,1.17243910570793,1597
"613","LUPINUS",2.5,4.5,5.5,1.22086407426828,84
"614","LUPISER",1.5,2,4.5,1.141897734669,459
"615","LUZUHIT",3,5.5,6.5,1.08059561662889,139
"616","LUZULA",4,5.5,7.5,1.29071467517252,177
"617","LUZUMUL",1.5,5.5,8,2.02303211154485,13
"618","LUZUPAR",4,5,6.5,1.10573839223708,974
"619","LUZUPIP",4,5,6.5,0.935037170803008,35
"620","LYCOANN",4,4.5,6.5,1.05228949832531,4171
"621","LYCOCLA",4,4.5,8,1.32972932487913,662
"622","LYCODEN",3.5,5,6,0.992435233678499,269
"623","LYCOINU",3,8,8,1.91165542673326,12
"624","LYCOPOI",4,5,5.5,0.857530037917584,132
"625","LYCOUNI",8,8,8,0.097313363585973,20
"626","LYSIAME",6.5,8,8,0.774162099347073,1150
"627","LYSIMAR",7.5,8,8,0.520748976119393,14
"628","LYSITHY",8,8,8,0,15
"629","MAIACAN",3.5,4,6,1.09337416273697,814
"630","MAIADIL",5,6.5,7.5,0.964193675748822,856
"631","MAIANTH",3.5,5.5,7,1.36899761672043,111
"632","MAIARAC",3.5,5.5,6.5,1.17432020117244,4439
"633","MAIASTE",3.5,6,6.5,1.24797521224707,1551
"634","MAIATRI",6.5,8,8,1.03560847550245,84
"635","MALUFUS",4,6.5,8,1.30724753815057,91
"636","MARCPOL",6,8,8,0.935269338184167,367
"637","MATTSTR",5.5,8,8,1.07934590773539,62
"638","MEDILUP",2,2.5,6.5,1.53090143809469,178
"639","MEDISAT",1.5,3.5,5.5,1.25543387375444,104
"640","MEESTRI",8,8,8,0.109489450832723,64
"641","MELALIN",2.5,3,4.5,0.887846507609441,420
"642","MELIALB",1,3.5,5.5,1.46831845157153,49
"643","MELIOFF",2.5,3,6.5,1.77093418762931,14
"644","MELISUB",2,5.5,6.5,1.87429663033047,42
"645","MENTARV",5.5,8,8,1.28670137825045,168
"646","MENYTRI",8,8,8,0.328266068873022,221
"647","MENZFER",4,5,6.5,1.09108852263231,5243
"648","MERTPAN",4,4,7,1.1415413659129,1540
"649","MICRBOR",7.5,8,8,0.445454777970027,18
"650","MICRFER",2,2.5,6,1.41898148144684,75
"651","MICRGRA",0.5,2.5,3,0.887645721415029,110
"652","MICRLYA",4.5,7,8,1.55625624179335,49
"653","MICRNEL",6,6.5,8,0.730921529036358,36
"654","MITELLA",5,6.5,8,1.12506849069422,376
"655","MITENUD",4,6,7.5,1.20074628218504,3132
"656","MNIUM",5,6.5,8,0.920012471963037,1895
"657","MNIUSPN",3.5,6,6.5,1.17741650014605,742
"658","MOEHLAT",2.5,2.5,7.5,1.75588964273171,74
"659","MONEUNI",4,5,7,1.18670098298257,1625
"660","MONOUNI",3.5,5,6,0.913652506650157,59
"661","MONTPAR",2,2,6.5,1.86804608813495,18
"662","MUHLRIC",5,6,6,0.824202004559558,16
"663","MYCEMUR",3,4.5,6.5,1.33624141778192,289
"664","MYLIANO",6.5,8,8,0.748719072058933,41
"665","MYLITAY",4,8,8,1.40931501327649,71
"666","MYOSASI",4.5,6,6.5,0.909410083385862,23
"667","MYOSSTR",0.5,1,2.5,0.726171083980315,34
"668","MYRIGAL",8,8,8,0.824147062763641,70
"669","NECKMEN",4.5,5,6,0.542750747951362,24
"670","NEOOFLO",3.5,5,6.5,1.24576529657665,833
"671","NEOTBAN",5,6,6.5,0.864850337041212,570
"672","NEOTBOR",4,6.5,8,1.29947793854028,90
"673","NEOTCON",5,8,8,1.27101546768737,88
"674","NEOTCOR",4.5,5.5,7,1.05554078941085,3001
"675","NEOTTIA",4,8,8,1.47795927890048,87
"676","NEPHARC",3.5,4,6,1.02840303219048,244
"677","NUPHPOL",8,8,8,0,13
"678","OEMLCER",3.5,6.5,8,1.52529604087039,35
"679","OENASAR",6.5,8,8,0.947425905191926,31
"680","OPLOHOR",5,6.5,7,0.809581503624108,4026
"681","OPUNFRA",0.5,0.5,2,0.712551764688939,217
"682","OROBFAS",0.5,0.5,3.5,1.01214347851552,19
"683","ORTHLUT",1.5,3,3,0.580856740588175,67
"684","ORTHOTR",0.5,1.5,2.5,0.919411515718877,49
"685","ORTHSEC",3.5,4.5,6,0.98222087189113,9550
"686","ORYZASP",3,3.5,5,0.959584682137272,1389
"687","ORYZOPS",2,4,5,1.19979673239913,77
"688","OSMOBER",3.5,6,6.5,1.24731898939549,3597
"689","OSMODEP",3.5,5.5,6.5,1.06142739288694,169
"690","OSMOPUR",4,6.5,7.5,1.16795191791547,250
"691","OSMORHI",3.5,3.5,6.5,1.34229973072052,272
"692","OXYCOCC",3,8,8,2.27521856208955,11
"693","OXYTCAM",2,4.5,5.5,1.32356417017494,111
"694","OXYTROP",1.5,3,4.5,1.10093242879576,15
"695","OXYTSER",2,2,4.5,0.989811106084634,48
"696","PACKCAN",0.5,0.5,4,1.76951407032967,91
"697","PACKIND",3.5,6.5,8,1.54174642817754,24
"698","PACKPAC",4,8,8,1.66399470431734,78
"699","PACKPAP",3.5,8,8,1.69556794472483,10
"700","PACKPSE",3.5,5.5,8,1.38292568252015,256
"701","PACKSTR",2.5,3,5,1.20834790169938,145
"702","PALUSQU",7,8,8,0.356244352563567,41
"703","PARMSAX",0.5,0.5,2,0.854322069516052,10
"704","PARMSUL",1.5,6.5,6.5,1.61450308125768,12
"705","PARNFIM",5.5,8,8,1.06765771155441,468
"706","PARNPAL",6.5,8,8,0.759196537016963,63
"707","PAXIMYR",3,4.5,5,0.93310975781996,5582
"708","PECTBRE",5,6.5,7.5,0.873797792087676,823
"709","PECTPET",5.5,6.5,7.5,0.86113051098761,343
"710","PEDIBRA",3.5,5,7,1.23184914144549,1067
"711","PEDICUL",3,3,7.5,1.67306442352853,34
"712","PEDIGRO",5,5,8,1.08090137158428,16
"713","PEDILAB",3.5,4.5,8,1.40332579004003,154
"714","PEDILAN",4,5,6,0.961404470111303,17
"715","PEDIPAR",4.5,8,8,1.63333082097452,20
"716","PEDIRAC",3,3.5,5,0.993472924452467,376
"717","PELLIA",5.5,8,8,1.20731310190797,119
"718","PELLNEE",5.5,6.5,8,1.03054497393334,602
"719","PELTAPH",2.5,3.5,6,1.2489762887293,5580
"720","PELTBRI",2.5,3.5,5.5,1.29968482829503,30
"721","PELTCAN",2,3.5,5,1.27476330575449,1823
"722","PELTCHI",4,4,5.5,0.671918449760881,37
"723","PELTCIN",4,7,7,1.40663759683977,12
"724","PELTDID",1.5,3.5,4,0.955815361652613,49
"725","PELTELI",2,3.5,4,0.788414553363093,15
"726","PELTHOR",3,4,6,1.38525576803151,47
"727","PELTIGE",2,3,5,1.18625940108537,2202
"728","PELTLEP",0.5,2,3.5,0.98701850778789,31
"729","PELTLEU",2.5,3.5,5.5,1.21152599309557,368
"730","PELTMAL",1,3,4,1.15590946292544,925
"731","PELTMEM",2.5,4,6,1.40475089507359,528
"732","PELTNEO",1.5,2,6.5,1.75957502362747,241
"733","PELTPON",1.5,3,3.5,0.936108433906208,77
"734","PELTPOY",3,3,6.5,1.6468248564493,259
"735","PELTPRA",2.5,3,5.5,1.52277716283624,43
"736","PELTRET",2,4,4,1.02087921531577,28
"737","PELTRUF",0.5,2.5,3.5,0.998252853999828,668
"738","PELTSCA",2.5,4,6,1.25673369001701,117
"739","PELTVEN",2,5,5.5,1.30438500974473,46
"740","PENSCON",2,2.5,4,0.908640820513539,231
"741","PENSFRU",0.5,0.5,3,1.06342596964019,512
"742","PENSPRO",2,3,5.5,1.41105622150124,217
"743","PENSTEM",2,2.5,5,1.2793299677511,34
"744","PERSAMP",5.5,8,8,1.1726909578667,48
"745","PETAFRI",4,5.5,7.5,1.27240086984813,3572
"746","PHACHAS",0.5,0.5,3.5,1.24886164964616,84
"747","PHACLIN",0.5,0.5,2,0.697550498505579,151
"748","PHACSER",3,5,5,1.03017381917689,12
"749","PHALARU",5.5,5.5,8,1.46450043464056,53
"750","PHEGCON",5,6.5,7.5,0.937707258880782,325
"751","PHILFON",7,8,8,0.793463558126211,104
"752","PHILLEW",0.5,3.5,3.5,1.21092203045336,239
"753","PHLEALP",4.5,4.5,8,1.45103553451261,144
"754","PHLEPRA",2.5,2.5,6.5,1.62776905675661,213
"755","PHLOCAE",0.5,3,3,0.880481648049906,15
"756","PHLODIF",2,2,3.5,0.843529727252581,25
"757","PHLOLON",0.5,0.5,2,0.921772607186527,53
"758","PHYLEMP",3.5,4.5,7.5,1.4000959811006,660
"759","PHYLGLA",3,3.5,6,1.16576252072814,57
"760","PHYSCAP",5.5,8,8,1.10400362285276,18
"761","PHYSMAL",2,2.5,3.5,0.741779597094641,202
"762","PHYSMUS",1.5,2,3,0.844005695247502,19
"763","PICEA",4,5,8,1.28731493373427,368
"764","PICEAX",4,6.5,6.5,1.02557140653769,229
"765","PICEENE",3.5,4,7,1.254019906216,6615
"766","PICEENG",4,5,6.5,1.10239831478845,4631
"767","PICEGLA",4,4.5,7,1.19818618680129,2377
"768","PICEMAR",4,8,8,1.57448893493435,1338
"769","PICESIT",5,6.5,7.5,0.971129874302822,1479
"770","PICEXLU",4.5,6.5,8,1.03166166184652,228
"771","PINGVUL",8,8,8,0.639655929418138,30
"772","PINUALB",3,4,5,0.876995594892879,406
"773","PINUCON",3,3.5,5.5,1.17567691501653,9371
"774","PINUMON",3,4.5,6,1.29447605265336,1005
"775","PINUPON",0.5,2,3,0.872307744542626,990
"776","PIPTPUG",2,3,4.5,1.02807233907541,286
"777","PLAGASL",5,6.5,6.5,0.722525300333178,357
"778","PLAGCUS",5,6.5,7,0.873038231315148,22
"779","PLAGDEN",4.5,5.5,8,1.23675801478988,60
"780","PLAGDRU",5,6,7,0.809799221779065,137
"781","PLAGELL",5.5,8,8,1.03821879992763,157
"782","PLAGINS",5,6.5,7.5,0.872098472108562,1084
"783","PLAGIOM",5,6.5,8,1.03420906231711,393
"784","PLAGIOT",4,8,8,1.44589505820344,58
"785","PLAGLAE",4.5,5.5,6.5,0.808139049719455,119
"786","PLAGMED",5,6.5,8,1.05861836128225,1029
"787","PLAGPOR",5,6.5,8,1.108664583772,352
"788","PLANMAC",6.5,8,8,0.71626116327599,22
"789","PLANMAJ",3.5,5.5,7,1.38458421109172,37
"790","PLANMAR",7.5,8,8,0.796750062670705,14
"791","PLANPAT",0.5,0.5,2,0.711828503454655,41
"792","PLATANT",3,8,8,1.80078166963871,182
"793","PLATAQU",5,8,8,1.23981460853423,241
"794","PLATDIL",6.5,8,8,0.839299726931296,500
"795","PLATOBT",4,8,8,1.57543411823533,365
"796","PLATORB",3.5,5,6,1.0549302567178,790
"797","PLATSTR",6,8,8,0.872123953176117,248
"798","PLATUNA",3,8,8,2.0294170006606,97
"799","PLEUPUR",3.5,8,8,2.14765796837792,24
"800","PLEUSCH",3,4.5,6,1.15623914859729,12756
"801","POA",2,2,8,2.25762267107749,599
"802","POACEAE",2,2,6.5,1.79380000156604,268
"803","PODAAEQ",5.5,8,8,1.18045345946312,121
"804","PODAHUM",5.5,8,8,1.08928409612345,51
"805","POGOCON",3.5,6.5,7,1.26562012489786,134
"806","POGONAT",4,6,8,1.37358692819601,50
"807","POHLCRU",2,3,6.5,1.72213352040357,74
"808","POHLIA",3.5,7.5,7.5,1.536231349079,172
"809","POHLNUT",2,4.5,6,1.63641015487082,620
"810","POHLWAH",5.5,8,8,1.08001844664837,25
"811","POLEACU",4,4,8,1.55948759439797,71
"812","POLEMIC",0.5,2,3.5,0.807999006682328,10
"813","POLEPUL",2,2.5,5.5,1.51118433783782,217
"814","POLYALI",4,5.5,6.5,1.05500183800966,667
"815","POLYBRA",5.5,6.5,6.5,0.827843311225628,54
"816","POLYCOM",4,5.5,8,1.41550901849399,525
"817","POLYDOU",0.5,2,3.5,1.32206983517968,96
"818","POLYFOR",4,8,8,1.50593130831595,13
"819","POLYGLY",2,2,6.5,1.87491244926506,173
"820","POLYHES",1.5,1.5,3.5,1.10037321790205,12
"821","POLYJUN",2.5,4.5,6,1.42239252242778,3667
"822","POLYLOC",3.5,5.5,6.5,1.1018031595606,126
"823","POLYMIN",2,5,7.5,1.55018897293013,18
"824","POLYMUN",3.5,5,6.5,1.13079943230616,1358
"825","POLYPIL",0.5,0.5,4.5,1.46079943924857,535
"826","POLYSTR",5.5,8,8,1.19982550026232,154
"827","POLYTRI",2.5,6.5,7,1.68618013324676,417
"828","POPUBAL",4,6.5,7,1.22672933754661,963
"829","POPUTRE",3.5,4,6,1.04923024745396,4199
"830","POPUTRI",3.5,6,6.5,1.22783272858706,1257
"831","POTEANS",5.5,8,8,1.18215595863795,136
"832","POTEARG",2,2.5,8,2.09316468123362,24
"833","POTEGLU",3,6.5,7,1.48161261410777,108
"834","POTEGRA",2.5,5,6.5,1.54693769577511,112
"835","POTEHIP",2,3,3,0.613816235819019,51
"836","POTENTI",2.5,8,8,2.29624535690054,102
"837","POTEPEN",1.5,6,6,1.94354502731497,69
"838","POTEREC",1.5,2,2.5,0.474850022114582,87
"839","PRENALA",5,6.5,7,0.821033115337498,270
"840","PRIMJEF",8,8,8,0.689202656778942,20
"841","PRIMPAU",1,2,6.5,1.82429511398594,63
"842","PROSART",2.5,2.5,5,1.14808913064773,23
"843","PROSHOO",3.5,4.5,6.5,1.13690381146937,1870
"844","PROSTRA",2.5,3.5,6,1.17400127827736,965
"845","PRUNEMA",2,2.5,6,1.5281877556725,44
"846","PRUNPEN",2,4,5.5,1.2168726036111,87
"847","PRUNVIR",1.5,3.5,4,1.25707365290666,503
"848","PRUNVUL",2.5,6.5,7.5,1.91051268270436,109
"849","PSEUBAI",4.5,4.5,6,0.65252231544102,13
"850","PSEUELE",4.5,6.5,8,1.28997708967134,90
"851","PSEUMEN",2,3.5,5,1.0741997275959,8061
"852","PSEURAD",3.5,6.5,7.5,1.49615427400921,43
"853","PSEUSPI",0.5,2,2.5,0.840283077230033,1824
"854","PSEUSTE",4.5,5.5,7,1.04744970338318,14
"855","PSORA",1,3,4.5,1.20060915028123,16
"856","PSORCER",0.5,0.5,2,0.76190040568802,23
"857","PSORDEC",0.5,1.5,2,0.48234928621005,11
"858","PTERAND",2,3.5,5,1.14391640243122,16
"859","PTERAQU",3,4.5,6,1.18307128945379,1451
"860","PTILCAL",4,6,7,1.11726231369419,52
"861","PTILCIL",4,7,8,1.70964235250881,100
"862","PTILCRI",4,4.5,6.5,1.0384053523489,7094
"863","PTILPUL",2.5,6,6,1.65874392296928,115
"864","PUCCNUA",3.5,3.5,7.5,1.44921705275387,50
"865","PULSOCC",4,5,6.5,0.9654634413115,60
"866","PURSTRI",0.5,0.5,2.5,0.823907836454614,116
"867","PYROASA",3.5,4,7,1.30101439621309,4200
"868","PYROCHL",3.5,4,6,1.17456018029147,2008
"869","PYRODEN",3,3.5,5.5,1.0971721629081,157
"870","PYROGRA",4,5.5,8,1.24337013114957,19
"871","PYROLA",3.5,4.5,8,1.48694662684739,201
"872","PYROMIN",3.5,5,7,1.2466040338215,287
"873","RACOCAN",1.5,3,4.5,1.31551907431313,319
"874","RACOELO",2,2,3.5,0.778742771940962,34
"875","RACOERI",2.5,3.5,5.5,1.09018641313157,53
"876","RACOHET",1.5,2.5,4.5,1.52084099576693,141
"877","RACOLAN",2.5,8,8,2.29889303422934,112
"878","RACOMIT",1.5,3.5,4.5,1.45485548798613,243
"879","RACOSUD",2,2.5,3,0.727710507916662,26
"880","RANUACR",4,6,7,1.16746583059627,100
"881","RANUESC",5,5.5,7.5,1.06461253289355,81
"882","RANUGLA",0.5,2,2.5,0.804217069254457,18
"883","RANUNCU",3.5,8,8,1.50039806329574,148
"884","RANUOCC",4,6.5,7.5,1.39989856772805,29
"885","RANUUNC",3.5,6.5,8,1.51055515410695,238
"886","RHINMIN",2,7,7,2.10808056043584,56
"887","RHIZGEO",1.5,2.5,3,0.657607366526681,47
"888","RHIZGLB",5,6.5,8,1.01055561514498,2214
"889","RHIZMAG",6,8,8,0.832992200767041,360
"890","RHIZNUD",5,6.5,7.5,0.92626966437306,1074
"891","RHIZOMN",5,8,8,1.15274800047969,200
"892","RHIZPSE",5,8,8,1.08186208385648,123
"893","RHIZPUN",5.5,8,8,0.988435776606777,141
"894","RHODALB",4,5,6,0.853940501258776,3732
"895","RHODGRO",4,8,8,1.58814920569267,1772
"896","RHODMAC",3,3,4,0.604316541534069,28
"897","RHODNEO",4,5.5,7,1.26843738542376,398
"898","RHUSGLA",0.5,1,2,0.948120663595261,19
"899","RHYNALB",6.5,8,8,0.644429363302298,59
"900","RHYTIDI",4.5,7.5,7.5,1.20479571079068,23
"901","RHYTLOR",4.5,5.5,6.5,1.00128919716647,3378
"902","RHYTROB",3.5,5,6.5,0.986782249182257,3969
"903","RHYTSQU",5.5,6.5,8,0.966239356881142,280
"904","RHYTTRI",3,5,6.5,1.39553856301177,3800
"905","RIBEBRA",5.5,6.5,7.5,0.754393534069673,279
"906","RIBECER",0.5,0.5,3.5,1.12219953642837,152
"907","RIBEGLA",4.5,6,6.5,0.955502729281332,350
"908","RIBEHUD",4.5,8,8,1.43675466792862,321
"909","RIBELAC",4,6.5,7,1.08280273765401,7025
"910","RIBELAX",4.5,6.5,7,1.06939209375399,430
"911","RIBEOXY",3.5,5.5,6.5,1.43736934183133,343
"912","RIBES",4.5,5.5,7,1.23185699825742,169
"913","RIBETRI",4,6,7,1.12638284390095,746
"914","RIBEVIS",2.5,3,4.5,1.12828637350756,141
"915","ROELROE",4,4.5,7,1.06501107659574,335
"916","ROSA",2.5,4,5,1.13959173138097,291
"917","ROSAACI",3,4,6,1.23715530858103,6657
"918","ROSAGYM",2.5,3,4.5,0.977795593476917,1311
"919","ROSANUT",2,3.5,6,1.45141153631192,599
"920","ROSAWOO",2,3.5,5.5,1.29717534829809,547
"921","RUBUARC",5.5,8,8,1.12230724586194,472
"922","RUBUARM",3.5,3.5,6.5,1.62452483726879,29
"923","RUBUCHA",6,8,8,0.946599533020583,186
"924","RUBUIDA",3.5,6.5,6.5,1.32244334131433,1885
"925","RUBULEU",3,3.5,5,1.02615069467035,44
"926","RUBUPAR",3.5,6,6.5,1.12069375112294,5760
"927","RUBUPED",4.5,5.5,6.5,0.950695921417638,7519
"928","RUBUPUB",4,4,7,1.25167309645049,3207
"929","RUBUS",4,8,8,1.59442904440262,25
"930","RUBUSPE",5,6.5,7.5,0.946408119878524,1756
"931","RUBUURS",3,3.5,6.5,1.21498547989035,375
"932","RUMEACO",2,8,8,2.2260291378304,68
"933","SALIALA",4.5,4.5,6.5,0.997622878619551,24
"934","SALIARB",8,8,8,0.636905324095932,33
"935","SALIARC",4.5,4.5,6.5,1.04854418632218,39
"936","SALIATH",4,8,8,1.43916795950041,23
"937","SALIBAA",4.5,4.5,8,1.78243362527998,13
"938","SALIBAC",5,8,8,1.15761562185316,327
"939","SALIBEB",3.5,4,8,1.58795505292653,731
"940","SALIBRA",4,6,8,1.34298438916951,43
"941","SALICAN",6,8,8,0.907120553997094,47
"942","SALICOM",5.5,8,8,1.06436990372794,69
"943","SALIDIS",4.5,6,8,1.30652851991415,47
"944","SALIDRU",6,8,8,0.910990750748395,173
"945","SALIEXI",3,8,8,2.48754650755944,25
"946","SALIGLA",4.5,8,8,1.31244323646078,391
"947","SALILAS",4,8,8,1.43780319936349,133
"948","SALIMAC",6,8,8,1.20209135094482,96
"949","SALIMYR",6,8,8,1.10684651836228,194
"950","SALIPED",7,8,8,0.558400786470665,220
"951","SALIPLA",4.5,8,8,1.27509050224267,152
"952","SALIPRO",5.5,8,8,1.30318790760516,69
"953","SALIPSD",8,8,8,0.422764207922155,19
"954","SALIPSE",5,8,8,1.29518869888323,92
"955","SALIPYR",5.5,8,8,1.28066227065954,13
"956","SALIRET",4.5,4.5,8,1.50548659713021,34
"957","SALISCO",3.5,4.5,7,1.36668414453599,1257
"958","SALISIT",5.5,8,8,1.13468857910694,316
"959","SALIX",3.5,8,8,1.56686599125442,3665
"960","SAMBRAC",5,6.5,7.5,0.895862685588946,1947
"961","SANGOFF",7.5,8,8,0.895925693427546,86
"962","SANGSTI",5,8,8,1.15996737192489,576
"963","SANIMAR",3.5,4,6.5,1.07752263276303,10
"964","SANIUNC",4.5,8,8,1.44324505333472,811
"965","SAXIBRO",1,2.5,5,1.42008812030077,176
"966","SAXITRI",2.5,3,4,0.778313452949879,67
"967","SCAPBOL",5,5.5,6.5,0.937483203089065,664
"968","SCAPPAL",6.5,8,8,0.968403970523734,26
"969","SCAPPAU",6.5,8,8,0.644251494913681,16
"970","SCHEPAL",8,8,8,0.274853423295452,54
"971","SCHIAPO",1.5,3,3.5,0.704208791479869,22
"972","SCHIINC",5,6,8,1.13056204196056,39
"973","SCHIPUR",3.5,4,6.5,1.1461721472244,191
"974","SCHOACU",8,8,8,0.379073702833189,11
"975","SCIRMIC",6.5,8,8,0.912430885317857,95
"976","SCIRPUS",6,7.5,8,0.802255930907205,15
"977","SCORREV",8,8,8,0.48432759315683,58
"978","SCORSCO",8,8,8,0.143526158154909,12
"979","SCUTGAL",3.5,8,8,1.4808072137311,21
"980","SEDULAN",1,2,3.5,1.03916382226353,500
"981","SEDUM",0.5,0.5,3,1.1025654018935,10
"982","SEDUSTE",0.5,1.5,3,0.878693477845094,67
"983","SELADEN",0.5,0.5,2,0.77933202176552,546
"984","SELAWAL",0.5,0.5,2.5,0.828076495212655,97
"985","SENECIO",2,6,7.5,1.99614910495857,111
"986","SENEINT",2,2,4.5,1.15203293185046,37
"987","SENETRI",5.5,6.5,8,0.982240851676058,1659
"988","SHEPCAN",2.5,3.5,5,0.92790525614881,5245
"989","SIBBPRO",3,6.5,7,1.5084233049625,68
"990","SILEACA",3.5,5,5,0.816744621897235,25
"991","SILEDOU",1,1.5,3,0.790743939771276,14
"992","SILEDRU",1.5,2,3.5,0.810578308371338,23
"993","SILEMEN",2,3.5,5,1.12761744908906,74
"994","SILEPAR",1.5,3,4.5,1.02107844809583,22
"995","SIPHCER",6.5,8,8,1.19678669829999,28
"996","SISYALT",1.5,3,3.5,0.9807089213621,20
"997","SIUMSUA",7.5,8,8,0.488057152453344,55
"998","SOLICAN",2,5.5,8,1.87860609668664,166
"999","SOLIDAG",2,4.5,8,1.91563646243634,76
"1000","SOLIMUL",2.5,4.5,5.5,1.01395438053581,225
"1001","SOLISIM",1.5,2,4,1.00956613461966,787
"1002","SOLOCRO",2,3.5,4.5,0.743347861412636,83
"1003","SONCARV",2,3.5,8,2.50162025491092,35
"1004","SORBSCO",3.5,5,6.5,1.04570344731997,2955
"1005","SORBSIT",3.5,5,6.5,1.07687155438254,1964
"1006","SORBUS",4,4.5,6,0.826623758053066,68
"1007","SPARGRA",7.5,7.5,7.5,0.916117804411056,10
"1008","SPHAANU",7,8,8,0.565527181055663,289
"1009","SPHAAUS",6.5,8,8,1.00730052418696,24
"1010","SPHACAI",6.5,8,8,0.631984946457478,541
"1011","SPHACOM",6.5,8,8,0.870493315295039,25
"1012","SPHAFUS",7,8,8,0.55930121967675,165
"1013","SPHAGIR",5.5,8,8,1.10197156239527,1106
"1014","SPHAGNU",6.5,8,8,0.843214249816036,834
"1015","SPHALIN",7,8,8,0.372849769276773,24
"1016","SPHAMAG",8,8,8,0.313766875334007,68
"1017","SPHAPAL",7.5,8,8,1.23608684007527,10
"1018","SPHAPAP",6,8,8,0.777761608602499,143
"1019","SPHARUB",6.5,8,8,0.779362078328971,88
"1020","SPHARUS",6.5,8,8,0.597873632744031,18
"1021","SPHASQU",6.5,8,8,0.689616041832444,205
"1022","SPHASUN",8,8,8,0.687356866959227,25
"1023","SPHASUS",7,8,8,0.365758243638322,32
"1024","SPHATEN",8,8,8,0.624686179386616,34
"1025","SPHATER",8,8,8,0.303655611526736,34
"1026","SPHAWAR",6.5,8,8,0.691380687574695,173
"1027","SPIRDOU",5,8,8,1.25865817351792,632
"1028","SPIRLUC",2,3.5,5,1.10078275595113,6377
"1029","SPIRROM",5,8,8,1.46824900266201,57
"1030","SPIRXPY",4,5.5,7,1.09539088764153,59
"1031","SPORCRY",0.5,0.5,1.5,0.513618250543609,112
"1032","STACCHA",6,6.5,8,0.83431018808334,55
"1033","STACMEX",5.5,6.5,7.5,0.605873878581668,33
"1034","STELCAL",3.5,8,8,1.63218122880827,69
"1035","STELCRI",5,6.5,8,1.0827577461161,114
"1036","STELLAR",2,3.5,8,2.22383133980022,119
"1037","STELLOG",3.5,8,8,2.03988509184543,113
"1038","STELLON",3.5,6,8,1.45702777117695,28
"1039","STEPTEN",0.5,4.5,4.5,1.61448222181107,48
"1040","STEREOC",2.5,3,4.5,0.991909751192085,468
"1041","STERPAS",2.5,3.5,4.5,1.01313655701609,228
"1042","STERTOM",2,3.5,4,0.955317766552053,292
"1043","STREAMP",4.5,6.5,7.5,1.06946625333977,5030
"1044","STRELAN",5,6.5,7,0.930400014362876,5101
"1045","STREPTO",4.5,6.5,6.5,1.03233609911279,57
"1046","STRESTR",4.5,5.5,6.5,0.924627138650557,981
"1047","SYMPALB",2,3.5,5.5,1.20527492502831,3379
"1048","SYMPBOR",5,8,8,1.30245452627797,45
"1049","SYMPCAM",1,2,5.5,1.61744639770947,34
"1050","SYMPCII",3,4,6.5,1.2864141017142,2123
"1051","SYMPERI",3.5,7.5,7.5,1.87828498482162,46
"1052","SYMPFOL",3.5,6.5,8,1.49987732852298,757
"1053","SYMPHES",2.5,3.5,3.5,0.639246414205433,13
"1054","SYMPHYO",2.5,2.5,8,2.60721549219142,10
"1055","SYMPLAE",2,2.5,4,0.957262680521329,16
"1056","SYMPOCC",1.5,3.5,3.5,0.997254763332476,88
"1057","SYMPSPA",3.5,4.5,8,1.75679701118242,13
"1058","SYMPSUB",3,8,8,1.89611052959939,226
"1059","SYNTRUR",0.5,0.5,3.5,1.29641917798703,1206
"1060","TARACER",2.5,3,6,1.44478119377846,14
"1061","TARAOFF",2,3.5,6,1.49815618840474,1690
"1062","TARAXAC",2,3.5,5,1.16785330533702,31
"1063","TAXUBRE",4,5,6.5,1.04321396729251,1066
"1064","TELLGRA",5.5,6.5,7.5,0.803657981783279,124
"1065","TETRPEL",5,8,8,1.38923479195554,19
"1066","THALOCC",3.5,6.5,6.5,1.20084899994296,3089
"1067","THALVEN",4,5,7,1.07097663786131,84
"1068","THUIREC",6,8,8,1.11534212190538,60
"1069","THUJPLI",3.5,5,6.5,1.23998466849892,7399
"1070","TIARELL",4.5,5.5,6,0.590072129151853,41
"1071","TIARTRI",5,6.5,7,0.885032070103861,8869
"1072","TIMMAUS",3,3.5,6.5,1.42236815636386,520
"1073","TOLMMEN",5,6.5,7.5,0.878622276292543,79
"1074","TOMENIT",6.5,8,8,0.811778328784573,574
"1075","TONISED",0.5,2,3,0.645880114200752,25
"1076","TORRPAL",6.5,8,8,0.660722446593312,19
"1077","TORTTOR",3,8,8,2.34971924316854,18
"1078","TORTULA",1.5,6,6,1.78823230185851,30
"1079","TOXIRYD",1.5,3.5,5.5,1.32586930378606,27
"1080","TOXIVEN",0.5,2,3.5,0.993145619062661,365
"1081","TRAGDUB",0.5,2,3.5,0.971433582267041,720
"1082","TRAGOPO",1.5,3,3.5,0.708221938452728,40
"1083","TRAGPRA",2,3.5,3.5,0.803784614159488,130
"1084","TRAPGRA",3,3.5,5,0.90275601154414,24
"1085","TRAUCAR",5.5,6.5,8,0.756237997332429,152
"1086","TRIAGLU",7.5,8,8,0.28795473689162,215
"1087","TRICALP",8,8,8,0,28
"1088","TRICCES",6.5,8,8,0.823845785384845,188
"1089","TRIEBOR",3,3.5,5.5,1.13530348258985,297
"1090","TRIEEUR",6,8,8,1.1688631232482,341
"1091","TRIFHYB",2,3,4,0.851584303771607,33
"1092","TRIFOLI",2.5,3.5,6.5,1.28346681211149,121
"1093","TRIFPRA",3.5,4,7,1.31690326404501,104
"1094","TRIFREP",2.5,3.5,5.5,1.3839602341005,156
"1095","TRIGMAR",6,8,8,0.989628020469977,109
"1096","TRIGPAL",6,8,8,0.756445371913676,11
"1097","TRILOVA",4.5,6.5,6.5,0.996631573872169,364
"1098","TRISCAN",4,6.5,8,1.31685998239457,339
"1099","TRISCER",3.5,5.5,6.5,1.0086929933145,55
"1100","TRISETU",2,6,6.5,1.69048496036833,81
"1101","TRISSPI",2,4.5,6.5,1.55211025292095,379
"1102","TROLALB",5.5,6.5,8,0.9094661153459,428
"1103","TSUGHET",4,5,6.5,1.02299073609166,8276
"1104","TSUGMER",4,5.5,7.5,1.2253503469788,1753
"1105","TYPHLAT",7.5,8,8,0.341679710625489,44
"1106","UMBIAME",0.5,0.5,3,0.990578409494423,142
"1107","UMBIHYP",0.5,2.5,2.5,0.806094191051346,53
"1108","UMBILIC",0.5,0.5,2,0.754155617313514,40
"1109","UMBIVEL",0.5,0.5,2.5,0.832274114588396,12
"1110","UNKNOWN",1.5,3.5,5.5,1.36898616893826,12
"1111","URTIDIO",4.5,6.5,8,1.29176102769937,603
"1112","UTRIINT",8,8,8,0,32
"1113","UTRIMAC",4,8,8,1.2708926586222,11
"1114","UTRIMIN",8,8,8,0.312558607726656,10
"1115","VACCALA",4.5,5.5,6.5,0.995418444756339,2802
"1116","VACCCAE",3,3.5,6,1.32633267416974,2364
"1117","VACCDEL",3.5,5,7,1.27933758996687,77
"1118","VACCINI",3.5,5,6.5,1.21388136414823,87
"1119","VACCMEM",3.5,4.5,6,1.01982129338609,10652
"1120","VACCMYL",3,3.5,5,0.896605235591752,667
"1121","VACCMYT",3.5,4.5,5,0.732865538910381,423
"1122","VACCOVL",4.5,5.5,8,1.10917612667498,4582
"1123","VACCOVT",3,5,6.5,1.40472796994468,78
"1124","VACCOXY",6.5,8,8,0.99536643139529,475
"1125","VACCPAR",4,5,6.5,1.14678719735173,2860
"1126","VACCSCO",3,3.5,5.5,0.933422939600845,2367
"1127","VACCULI",3.5,8,8,1.66184315860026,208
"1128","VACCVIT",3.5,4.5,7,1.40519196989618,1243
"1129","VAHLATR",4.5,8,8,1.50696310909395,508
"1130","VALEDIO",4.5,8,8,1.27487080919099,86
"1131","VALESIT",4.5,6.5,7.5,0.998863139503558,2910
"1132","VERAVIR",5,6.5,7.5,0.987306166152215,3622
"1133","VERBTHA",0.5,2.5,4,1.23233083044219,191
"1134","VEROBEC",4,8,8,1.49029848789319,167
"1135","VERONIC",6,6.5,8,0.814550511807085,17
"1136","VEROWOR",4.5,8,8,1.38827361329734,132
"1137","VIBUEDU",4,4,6.5,1.10853572661514,4751
"1138","VICIA",2,3.5,5.5,1.33092805694886,14
"1139","VICIAME",2.5,4,6,1.30899353221671,1273
"1140","VIOLA",4,8,8,1.40870885600464,2303
"1141","VIOLADU",2.5,3.5,6.5,1.62823065392225,616
"1142","VIOLCAN",3.5,4,6.5,1.26318305966649,968
"1143","VIOLGLA",5,6.5,8,1.01586872393311,1454
"1144","VIOLLAG",4.5,5,8,1.41542352150591,10
"1145","VIOLNEP",7,8,8,0.709297670274744,15
"1146","VIOLORB",3.5,4.5,6.5,1.06670077268489,2280
"1147","VIOLPAL",6.5,8,8,0.72981301102994,267
"1148","VIOLREN",4,7,7.5,1.31291107976216,486
"1149","VIOLSEM",4.5,5.5,7.5,1.12362094874762,64
"1150","VULPOCT",0.5,0.5,2.5,0.907495154894109,85
"1151","WARNEXA",6.5,8,8,0.625956312630354,121
"1152","WARNFLU",5.5,8,8,0.880947126220399,30
"1153","WOODORE",0.5,0.5,3,1.05478606678852,135
"1154","WOODSCO",0.5,0.5,3,1.09457022674408,216
"1155","XANTELE",0.5,0.5,1,0.573637329547845,10
"1156","XANTHOP",0.5,0.5,0.5,0.45369052625181,15
"1157","XANTHOR",0.5,0.5,0.5,0.348797676507125,20
"1158","XANTNOO",4.5,8,8,1.42562006672022,1346
"1159","XANTWYO",0.5,0.5,1,0.39689125488604,59
"1160","XEROTEN",3.5,4.5,5,0.573707618104395,469
"1161","ARUNDIO1",5,6.5,6.5,0.728761384902585,1136
"1162","DANTINT1",3,5.5,7.5,1.658992207573,142
"1163","DICEFOR1",5,5.5,6.5,0.633527969011939,35
"1164","PILOSELL",2,5.5,6.5,1.59148314465492,720
"1165","NEPHCRI1",5,8,8,1.36342248105807,409
"1166","QUERGAR1",2,2.5,3.5,0.531287827325328,49
